{
    "title": "Ultimate Audio Visualizer",
    "sounds": 
    {
        "filenames": [
            "media/New Adventure Theme.mp3",
            "media/Peanuts Theme.mp3",
            "media/The Picard Song.mp3"
        ],
        "track": [
            "New Adventure Theme",
            "Peanuts Theme",
            "The Picard Song"
        ]
    },
    "spriteValues":
    {
        "x":
        [
            10,
            10,
            40,
            60
        ],
        "y":
        [
            20,
            20,
            80,
            40
        ],
        "radius":
        [
            4,
            2,
            6,
            8
        ],
        "xMoveSpeed":
        [
            2,
            4,
            6,
            8
        ],
        "yMoveSpeed":
        [
            4,
            2,
            8,
            6
        ]

    }
}