{
    "words1": [
        {
            "wordArray": [
                "Acute",
                "Aft",
                "Anti-matter",
                "Bipolar",
                "Cargo",
                "Command",
                "Communication",
                "Computer",
                "Deuterium",
                "Dorsal",
                "Emergency",
                "Engineering",
                "Environmental",
                "Flight",
                "Fore",
                "Guidance",
                "Heat",
                "Impulse",
                "Increased",
                "Inertial",
                "Infinite",
                "Ionizing",
                "Isolinear",
                "Lateral",
                "Linear",
                "Matter",
                "Medical",
                "Navigational",
                "Optical",
                "Optimal",
                "Optional",
                "Personal",
                "Personnel",
                "Phased",
                "Reduced",
                "Science",
                "Ship's",
                "Shuttlecraft",
                "Structural",
                "Subspace",
                "Transporter",
                "Ventral"
            ]
        }
    ],
    "words2": [
        {
            "wordArray": [
                "Propulsion",
                "Dissipation",
                "Sensor",
                "Improbability",
                "Buffer",
                "Graviton",
                "Replicator",
                "Matter",
                "Anti-matter",
                "Organic",
                "Power",
                "Silicon",
                "Holographic",
                "Transient",
                "Integrity",
                "Plasma",
                "Fusion",
                "Control",
                "Access",
                "Auto",
                "Destruct",
                "Isolinear",
                "Transwarp",
                "Energy",
                "Medical",
                "Environmental",
                "Coil",
                "Impulse",
                "Warp",
                "Phaser",
                "Operating",
                "Photon",
                "Deflector",
                "Integrity",
                "Control",
                "Bridge",
                "Dampening",
                "Display",
                "Beam",
                "Quantum",
                "Baseline",
                "Input"
            ]
        }
    ],
    "words3": [
        {
            "wordArray": [
                "Chamber",
                "Interface",
                "Coil",
                "Polymer",
                "Biosphere",
                "Platform",
                "Thruster",
                "Deflector",
                "Replicator",
                "Tricorder",
                "Operation",
                "Array",
                "Matrix",
                "Grid",
                "Sensor",
                "Mode",
                "Panel",
                "Storage",
                "Conduit",
                "Pod",
                "Hatch",
                "Regulator",
                "Display",
                "Inverter",
                "Spectrum",
                "Generator",
                "Cloud",
                "Field",
                "Terminal",
                "Module",
                "Procedure",
                "System",
                "Diagnostic",
                "Device",
                "Beam",
                "Probe",
                "Bank",
                "Tie-In",
                "Facility",
                "Bay",
                "Indicator",
                "Cell"
            ]
        }
    ]
}